group,country,player,position,position_in_general,team,market_value
D,Argentina,Maximiliano Meza,Attacking Midfield,Atack,Club Atl�tico Independiente,"14,00  ��"
D,Argentina,Giovani Lo Celso,Central Midfield,Atack,Paris Saint-Germain,"30,00  ��"
D,Argentina,�ver Banega,Central Midfield,Atack,Sevilla FC,"12,00  ��"
D,Argentina,Enzo P�rez,Central Midfield,Atack,Club Atl�tico River Plate,"2,50  ��"
D,Argentina,Nicol�s Otamendi,Centre-Back,Defense,Manchester City,"35,00  ��"
D,Argentina,Marcos Rojo,Centre-Back,Defense,Manchester United,"18,00  ��"
D,Argentina,Federico Fazio,Centre-Back,Defense,AS Roma,"13,00  ��"
D,Argentina,Sergio Ag�ero,Centre-Forward,Atack,Manchester City,"80,00  ��"
D,Argentina,Gonzalo Higua�n,Centre-Forward,Atack,Juventus FC,"55,00  ��"
D,Argentina,Franco Armani,Goalkeeper,Defense,Club Atl�tico River Plate,"3,50  ��"
D,Argentina,Nahuel Guzm�n,Goalkeeper,Defense,Tigres UANL,"3,00  ��"
D,Argentina,Willy Caballero,Goalkeeper,Defense,Chelsea FC,"1,00  ��"
D,Argentina,Marcos Acu�a,Left Midfield,Atack,Sporting CP,"15,00  ��"
D,Argentina,Nicol�s Tagliafico,Left-Back,Defense,Ajax Amsterdam,"12,00  ��"
D,Argentina,Cristian Ansaldi,Left-Back,Defense,Torino FC,"5,00  ��"
D,Argentina,�ngel Di Mar�a,Right Winger,Atack,Paris Saint-Germain,"40,00  ��"
D,Argentina,Eduardo Salvio,Right Winger,Atack,SL Benfica,"22,00  ��"
D,Argentina,Cristian Pav�n,Right Winger,Atack,Club Atl�tico Boca Juniors,"20,00  ��"
D,Argentina,Gabriel Mercado,Right-Back,Defense,Sevilla FC,"3,50  ��"
D,Argentina,Lionel Messi,Second Striker,Atack,FC Barcelona,"180,00  ��"
D,Argentina,Paulo Dybala,Second Striker,Atack,Juventus FC,"110,00  ��"
C,Australia,Tom Rogic,Attacking Midfield,Atack,Celtic FC,"2,50  ��"
C,Australia,Dimitri Petratos,Attacking Midfield,Atack,Newcastle United Jets,"0,8"
C,Australia,Aaron Mooy,Central Midfield,Atack,Huddersfield Town,"10,00  ��"
C,Australia,Massimo Luongo,Central Midfield,Atack,Queens Park Rangers,"4,50  ��"
C,Australia,Matthew Jurman,Centre-Back,Defense,Al-Ittihad Jeddah,"1,10  ��"
C,Australia,Trent Sainsbury,Centre-Back,Defense,Jiangsu Suning Reserves,"1,00  ��"
C,Australia,Milos Degenek,Centre-Back,Defense,Red Star Belgrade,"0,8"
C,Australia,Tomi Juric,Centre-Forward,Atack,FC Luzern,"2,00  ��"
C,Australia,Jamie Maclaren,Centre-Forward,Atack,SV Darmstadt 98,"1,00  ��"
C,Australia,Andrew Nabbout,Centre-Forward,Atack,Urawa Red Diamonds,"0,55"
C,Australia,Mile Jedinak,Defensive Midfield,Defense,Aston Villa,"2,50  ��"
C,Australia,Jackson Irvine,Defensive Midfield,Defense,Hull City,"2,00  ��"
C,Australia,Mark Milligan,Defensive Midfield,Defense,Without Club,"0,85"
C,Australia,Mathew Ryan,Goalkeeper,Defense,Brighton & Hove Albion,"8,00  ��"
C,Australia,Brad Jones,Goalkeeper,Defense,Feyenoord Rotterdam,"1,00  ��"
C,Australia,Danny Vukovic,Goalkeeper,Defense,KRC Genk,"1,00  ��"
C,Australia,Daniel Arzani,Left Winger,Atack,Melbourne City FC,"1,50  ��"
C,Australia,Robbie Kruse,Left Winger,Atack,VfL Bochum,"0,9"
C,Australia,Aziz Behich,Left-Back,Defense,Bursaspor,"2,75  ��"
C,Australia,James Meredith,Left-Back,Defense,Millwall FC,"0,75"
C,Australia,Mathew Leckie,Right Winger,Atack,Hertha BSC,"4,00  ��"
C,Australia,Joshua Risdon,Right-Back,Defense,Western Sydney Wanderers,"0,75"
G,Belgium,Kevin De Bruyne,Attacking Midfield,Atack,Manchester City,"150,00  ��"
G,Belgium,Axel Witsel,Central Midfield,Atack,Tianjin Quanjian,"20,00  ��"
G,Belgium,Youri Tielemans,Central Midfield,Atack,AS Monaco,"20,00  ��"
G,Belgium,Mousa Demb�l�,Central Midfield,Atack,Tottenham Hotspur,"18,00  ��"
G,Belgium,Marouane Fellaini,Central Midfield,Atack,Manchester United,"15,00  ��"
G,Belgium,Toby Alderweireld,Centre-Back,Defense,Tottenham Hotspur,"40,00  ��"
G,Belgium,Jan Vertonghen,Centre-Back,Defense,Tottenham Hotspur,"32,00  ��"
G,Belgium,Vincent Kompany,Centre-Back,Defense,Manchester City,"10,00  ��"
G,Belgium,Thomas Vermaelen,Centre-Back,Defense,FC Barcelona,"5,00  ��"
G,Belgium,Dedryck Boyata,Centre-Back,Defense,Celtic FC,"2,00  ��"
G,Belgium,Romelu Lukaku,Centre-Forward,Atack,Manchester United,"100,00  ��"
G,Belgium,Michy Batshuayi,Centre-Forward,Atack,Chelsea FC,"40,00  ��"
G,Belgium,Dries Mertens,Centre-Forward,Atack,SSC Napoli,"30,00  ��"
G,Belgium,Leander Dendoncker,Defensive Midfield,Defense,RSC Anderlecht,"17,00  ��"
G,Belgium,Thibaut Courtois,Goalkeeper,Defense,Chelsea FC,"65,00  ��"
G,Belgium,Simon Mignolet,Goalkeeper,Defense,Liverpool FC,"10,00  ��"
G,Belgium,Koen Casteels,Goalkeeper,Defense,VfL Wolfsburg,"6,00  ��"
G,Belgium,Eden Hazard,Left Winger,Atack,Chelsea FC,"120,00  ��"
G,Belgium,Yannick Carrasco,Left Winger,Atack,Dalian Yifang,"22,00  ��"
G,Belgium,Thorgan Hazard,Left Winger,Atack,Borussia M�nchengladbach,"22,00  ��"
G,Belgium,Nacer Chadli,Left Winger,Atack,West Bromwich Albion,"15,00  ��"
G,Belgium,Adnan Januzaj,Right Winger,Atack,Real Sociedad,"15,00  ��"
G,Belgium,Thomas Meunier,Right-Back,Defense,Paris Saint-Germain,"15,00  ��"
E,Brazil,Philippe Coutinho,Attacking Midfield,Atack,FC Barcelona,"120,00  ��"
E,Brazil,Paulinho,Central Midfield,Atack,Guangzhou Evergrande Taobao,"40,00  ��"
E,Brazil,Fred,Central Midfield,Atack,Manchester United,"32,00  ��"
E,Brazil,Renato Augusto,Central Midfield,Atack,Beijing Sinobo Guoan,"11,00  ��"
E,Brazil,Marquinhos,Centre-Back,Defense,Paris Saint-Germain,"55,00  ��"
E,Brazil,Thiago Silva,Centre-Back,Defense,Paris Saint-Germain,"10,00  ��"
E,Brazil,Miranda,Centre-Back,Defense,Inter Milan,"8,00  ��"
E,Brazil,Pedro Geromel,Centre-Back,Defense,Gr�mio Foot-Ball Porto Alegrense,"5,00  ��"
E,Brazil,Gabriel Jesus,Centre-Forward,Atack,Manchester City,"80,00  �"
E,Brazil,Casemiro,Defensive Midfield,Defense,Real Madrid,"60,00  ��"
E,Brazil,Fernandinho,Defensive Midfield,Defense,Manchester City,"15,00  ��"
E,Brazil,Alisson,Goalkeeper,Defense,Liverpool FC,"60,00  ��"
E,Brazil,Ederson,Goalkeeper,Defense,Manchester City,"50,00  ��"
E,Brazil,C�ssio,Goalkeeper,Defense,Sport Club Corinthians Paulista,"4,00  ��"
E,Brazil,Neymar,Left Winger,Atack,Paris Saint-Germain,"180,00  ��"
E,Brazil,Taison,Left Winger,Atack,Shakhtar Donetsk,"11,00  ��"
E,Brazil,Marcelo,Left-Back,Defense,Real Madrid,"60,00  ��"
E,Brazil,Filipe Lu�s,Left-Back,Defense,Atl�tico Madrid,"8,00  ��"
E,Brazil,Douglas Costa,Right Winger,Atack,Juventus FC,"55,00  ��"
E,Brazil,Willian,Right Winger,Atack,Chelsea FC,"38,00  ��"
E,Brazil,Danilo,Right-Back,Defense,Manchester City,"20,00  ��"
E,Brazil,F�gner,Right-Back,Defense,Sport Club Corinthians Paulista,"7,00  ��"
E,Brazil,Roberto Firmino,Second Striker,Atack,Liverpool FC,"80,00  ��"
H,Colombia,James Rodr�guez,Attacking Midfield,Atack,Bayern Munich,"80,00  ��"
H,Colombia,Juan Quintero,Attacking Midfield,Atack,Club Atl�tico River Plate,"6,50  ��"
H,Colombia,Mateus Uribe,Central Midfield,Atack,CF Am�rica,"3,50  ��"
H,Colombia,Davinson S�nchez,Centre-Back,Defense,Tottenham Hotspur,"40,00  ��"
H,Colombia,Yerry Mina,Centre-Back,Defense,FC Barcelona,"20,00  ��"
H,Colombia,Cristi�n Zapata,Centre-Back,Defense,AC Milan,"2,50  ��"
H,Colombia,�scar Murillo,Centre-Back,Defense,CF Pachuca,"2,50  ��"
H,Colombia,Falcao,Centre-Forward,Atack,AS Monaco,"12,00  ��"
H,Colombia,Luis Muriel,Centre-Forward,Atack,Sevilla FC,"12,00  ��"
H,Colombia,Carlos Bacca,Centre-Forward,Atack,AC Milan,"10,00  ��"
H,Colombia,Miguel Borja,Centre-Forward,Atack,Sociedade Esportiva Palmeiras,"5,00  ��"
H,Colombia,Wilmar Barrios,Defensive Midfield,Defense,Club Atl�tico Boca Juniors,"10,00  ��"
H,Colombia,Jefferson Lerma,Defensive Midfield,Defense,Levante UD,"2,00  ��"
H,Colombia,Carlos S�nchez,Defensive Midfield,Defense,ACF Fiorentina,"1,50  ��"
H,Colombia,Abel Aguilar,Defensive Midfield,Defense,Deportivo Cali,"1,00  ��"
H,Colombia,David Ospina,Goalkeeper,Defense,Arsenal FC,"5,00  ��"
H,Colombia,Camilo Vargas,Goalkeeper,Defense,Atl�tico Nacional,"1,00  ��"
H,Colombia,Jos� Cuadrado,Goalkeeper,Defense,Once Caldas,"0,8"
H,Colombia,Jos� Izquierdo,Left Winger,Atack,Brighton & Hove Albion,"14,00  ��"
H,Colombia,Johan Mojica,Left-Back,Defense,Girona FC,"5,00  ��"
H,Colombia,Farid D�az,Left-Back,Defense,Olimpia Asunci�n,"0,1"
H,Colombia,Juan Cuadrado,Right Winger,Atack,Juventus FC,"28,00  ��"
H,Colombia,Santiago Arias,Right-Back,Defense,PSV Eindhoven,"18,00  ��"
E,Costa Rica,Celso Borges,Central Midfield,Atack,Deportivo de La Coru�a,"4,00  ��"
E,Costa Rica,Giancarlo Gonz�lez,Centre-Back,Defense,Bologna FC 1909,"1,40  ��"
E,Costa Rica,�scar Duarte,Centre-Back,Defense,RCD Espanyol Barcelona,"1,00  ��"
E,Costa Rica,Kendall Waston,Centre-Back,Defense,Vancouver Whitecaps,"0,85"
E,Costa Rica,Francisco Calvo,Centre-Back,Defense,Minnesota United FC,"0,75"
E,Costa Rica,Kenner Guti�rrez,Centre-Back,Defense,LD Alajuelense,"0,275"
E,Costa Rica,Jhonny Acosta,Centre-Back,Defense,East Bengal FC,"0,2"
E,Costa Rica,David Guzm�n,Defensive Midfield,Defense,Portland Timbers,"0,8"
E,Costa Rica,Yeltsin Tejeda,Defensive Midfield,Defense,FC Lausanne-Sport,"0,75"
E,Costa Rica,Randall Azofeifa,Defensive Midfield,Defense,CS Herediano,"0,3"
E,Costa Rica,Keylor Navas,Goalkeeper,Defense,Real Madrid,"18,00  ��"
E,Costa Rica,Leonel Moreira,Goalkeeper,Defense,CS Herediano,"0,35"
E,Costa Rica,Patrick Pemberton,Goalkeeper,Defense,LD Alajuelense,"0,275"
E,Costa Rica,Bryan Ru�z,Left Midfield,Atack,Santos FC,"1,50  ��"
E,Costa Rica,Rodney Wallace,Left Midfield,Atack,New York City FC,"1,00  ��"
E,Costa Rica,Daniel Colindres,Left Winger,Atack,Deportivo Saprissa,"0,325"
E,Costa Rica,Bryan Oviedo,Left-Back,Defense,Sunderland AFC,"2,00  ��"
E,Costa Rica,Johan Venegas,Right Midfield,Atack,Deportivo Saprissa,"0,6"
E,Costa Rica,Joel Campbell,Right Winger,Atack,Arsenal FC,"3,00  ��"
E,Costa Rica,Christian Bola�os,Right Winger,Atack,Deportivo Saprissa,"0,375"
E,Costa Rica,Cristian Gamboa,Right-Back,Defense,Celtic FC,"1,25  ��"
E,Costa Rica,Ian Smith,Right-Back,Defense,IFK Norrk�ping,"0,1"
E,Costa Rica,Marcos Ure�a,Second Striker,Atack,Los Angeles FC,"0,9"
D,Croatia,Ivan Rakitic,Central Midfield,Atack,FC Barcelona,"50,00  ��"
D,Croatia,Marcelo Brozovic,Central Midfield,Atack,Inter Milan,"35,00  ��"
D,Croatia,Mateo Kovacic,Central Midfield,Atack,Real Madrid,"30,00  ��"
D,Croatia,Luka Modric,Central Midfield,Atack,Real Madrid,"25,00  ��"
D,Croatia,Dejan Lovren,Centre-Back,Defense,Liverpool FC,"20,00  ��"
D,Croatia,Domagoj Vida,Centre-Back,Defense,Besiktas JK,"12,00  ��"
D,Croatia,Duje Caleta-Car,Centre-Back,Defense,Olympique Marseille,"10,00  ��"
D,Croatia,Tin Jedvaj,Centre-Back,Defense,Bayer 04 Leverkusen,"5,00  ��"
D,Croatia,Vedran Corluka,Centre-Back,Defense,Lokomotiv Moscow,"4,00  ��"
D,Croatia,Andrej Kramaric,Centre-Forward,Atack,TSG 1899 Hoffenheim,"35,00  ��"
D,Croatia,Nikola Kalinic,Centre-Forward,Atack,AC Milan,"14,00  �"
D,Croatia,Milan Badelj,Defensive Midfield,Defense,Without Club,"15,00  ��"
D,Croatia,Filip Bradaric,Defensive Midfield,Defense,HNK Rijeka,"3,50  ��"
D,Croatia,Lovre Kalinic,Goalkeeper,Defense,KAA Gent,"6,50  ��"
D,Croatia,Danijel Subasic,Goalkeeper,Defense,AS Monaco,"4,50  ��"
D,Croatia,Dominik Livakovic,Goalkeeper,Defense,GNK Dinamo Zagreb,"1,50  ��"
D,Croatia,Ivan Perisic,Left Winger,Atack,Inter Milan,"45,00  ��"
D,Croatia,Ante Rebic,Left Winger,Atack,Eintracht Frankfurt,"30,00  ��"
D,Croatia,Mario Mandzukic,Left Winger,Atack,Juventus FC,"20,00  ��"
D,Croatia,Marko Pjaca,Left Winger,Atack,Juventus FC,"15,00  ��"
D,Croatia,Ivan Strinic,Left-Back,Defense,AC Milan,"5,00  ��"
D,Croatia,Josip Pivaric,Left-Back,Defense,Dynamo Kyiv,"2,00  ��"
D,Croatia,Sime Vrsaljko,Right-Back,Defense,Atl�tico Madrid,"25,00  ��"
C,Denmark,Christian Eriksen,Attacking Midfield,Atack,Tottenham Hotspur,"80,00  ��"
C,Denmark,Thomas Delaney,Central Midfield,Atack,Borussia Dortmund,"22,00  ��"
C,Denmark,Lukas Lerager,Central Midfield,Atack,FC Girondins Bordeaux,"6,00  ��"
C,Denmark,Andreas Christensen,Centre-Back,Defense,Chelsea FC,"40,00  ��"
C,Denmark,Jannik Vestergaard,Centre-Back,Defense,Southampton FC,"14,00  ��"
C,Denmark,Simon Kj�r,Centre-Back,Defense,Sevilla FC,"10,00  ��"
C,Denmark,Zanka,Centre-Back,Defense,Huddersfield Town,"5,00  ��"
C,Denmark,Nicolai J�rgensen,Centre-Forward,Atack,Feyenoord Rotterdam,"14,00  ��"
C,Denmark,Kasper Dolberg,Centre-Forward,Atack,Ajax Amsterdam,"12,00  ��"
C,Denmark,Yussuf Poulsen,Centre-Forward,Atack,RB Leipzig,"10,00  ��"
C,Denmark,Martin Braithwaite,Centre-Forward,Atack,Middlesbrough FC,"8,00  ��"
C,Denmark,Andreas Cornelius,Centre-Forward,Atack,Atalanta BC,"3,00  �"
C,Denmark,Lasse Sch�ne,Defensive Midfield,Defense,Ajax Amsterdam,"3,00  ��"
C,Denmark,Kasper Schmeichel,Goalkeeper,Defense,Leicester City,"12,00  ��"
C,Denmark,Jonas L�ssl,Goalkeeper,Defense,Huddersfield Town,"5,00  ��"
C,Denmark,Frederik R�nnow,Goalkeeper,Defense,Eintracht Frankfurt,"3,00  ��"
C,Denmark,Pione Sisto,Left Winger,Atack,Celta de Vigo,"15,00  ��"
C,Denmark,Viktor Fischer,Left Winger,Atack,FC Copenhagen,"3,50  ��"
C,Denmark,Jonas Knudsen,Left-Back,Defense,Ipswich Town,"1,00  ��"
C,Denmark,Jens Stryger Larsen,Right-Back,Defense,Udinese Calcio,"2,00  ��"
C,Denmark,Henrik Dalsgaard,Right-Back,Defense,Brentford FC,"1,50  ��"
A,Egypt,Abdallah Said,Attacking Midfield,Atack,Al-Ahli Jeddah,"1,5"
A,Egypt,Samy Morsy,Central Midfield,Atack,Wigan Athletic,"0,75"
A,Egypt,Ahmed Hegazy,Centre-Back,Defense,West Bromwich Albion,"8,00  ��"
A,Egypt,Ali Gabr,Centre-Back,Defense,Pyramids FC,"1,50  ��"
A,Egypt,Saad Samir,Centre-Back,Defense,El Ahly Cairo,"1,00  ��"
A,Egypt,Ayman Ashraf,Centre-Back,Defense,El Ahly Cairo,"0,8"
A,Egypt,Mahmoud Hamdi,Centre-Back,Defense,Zamalek SC,"0,6"
A,Egypt,Marwan Mohsen,Centre-Forward,Atack,El Ahly Cairo,"0,8"
A,Egypt,Mohamed Elneny,Defensive Midfield,Defense,Arsenal FC,"10,00  ��"
A,Egypt,Tarek Hamed,Defensive Midfield,Defense,Zamalek SC,"1,00  ��"
A,Egypt,Mohamed El Shenawy,Goalkeeper,Defense,El Ahly Cairo,"1,00  ��"
A,Egypt,Sherif Ekramy,Goalkeeper,Defense,El Ahly Cairo,"0,8"
A,Egypt,Essam El Hadary,Goalkeeper,Defense,Ismaily SC,"0,05"
A,Egypt,Ramadan Sobhi,Left Winger,Atack,Huddersfield Town,"7,00  ��"
A,Egypt,Trezeguet,Left Winger,Atack,Kasimpasa,"4,50  ��"
A,Egypt,Amr Warda,Left Winger,Atack,PAOK Thessaloniki,"2,50  ��"
A,Egypt,Kahraba,Left Winger,Atack,Zamalek SC,"2,30  ��"
A,Egypt,Mohamed Abdel-Shafi,Left-Back,Defense,Al-Ahli Jeddah,"1,35  ��"
A,Egypt,Mohamed Salah,Right Winger,Atack,Liverpool FC,"150,00  ��"
A,Egypt,Shikabala,Right Winger,Atack,Zamalek SC,"0,725"
A,Egypt,Ahmed Elmohamady,Right-Back,Defense,Aston Villa,"3,00  ��"
A,Egypt,Ahmed Fathi,Right-Back,Defense,El Ahly Cairo,"1,00  ��"
A,Egypt,Omar Gaber,Right-Back,Defense,Pyramids FC,"0,6"
G,England,Dele Alli,Attacking Midfield,Atack,Tottenham Hotspur,"100,00  ��"
G,England,Jordan Henderson,Central Midfield,Atack,Liverpool FC,"28,00  ��"
G,England,Ruben Loftus-Cheek,Central Midfield,Atack,Chelsea FC,"18,00  ��"
G,England,Fabian Delph,Central Midfield,Atack,Manchester City,"15,00  ��"
G,England,John Stones,Centre-Back,Defense,Manchester City,"55,00  ��"
G,England,Harry Maguire,Centre-Back,Defense,Leicester City,"35,00  ��"
G,England,Phil Jones,Centre-Back,Defense,Manchester United,"20,00  ��"
G,England,Gary Cahill,Centre-Back,Defense,Chelsea FC,"15,00  ��"
G,England,Harry Kane,Centre-Forward,Atack,Tottenham Hotspur,"150,00  ��"
G,England,Marcus Rashford,Centre-Forward,Atack,Manchester United,"65,00  ��"
G,England,Jamie Vardy,Centre-Forward,Atack,Leicester City,"20,00  ��"
G,England,Danny Welbeck,Centre-Forward,Atack,Arsenal FC,"15,00  ��"
G,England,Eric Dier,Defensive Midfield,Defense,Tottenham Hotspur,"40,00  ��"
G,England,Jordan Pickford,Goalkeeper,Defense,Everton FC,"35,00  ��"
G,England,Jack Butland,Goalkeeper,Defense,Stoke City,"22,00  ��"
G,England,Nick Pope,Goalkeeper,Defense,Burnley FC,"10,00  ��"
G,England,Ashley Young,Left Midfield,Atack,Manchester United,"7,00  ��"
G,England,Jesse Lingard,Left Winger,Atack,Manchester United,"40,00  ��"
G,England,Danny Rose,Left-Back,Defense,Tottenham Hotspur,"30,00  ��"
G,England,Raheem Sterling,Right Winger,Atack,Manchester City,"90,00  ��"
G,England,Kyle Walker,Right-Back,Defense,Manchester City,"50,00  ��"
G,England,Kieran Trippier,Right-Back,Defense,Tottenham Hotspur,"30,00  ��"
G,England,Trent Alexander-Arnold,Right-Back,Defense,Liverpool FC,"25,00  ��"
C,France,Nabil Fekir,Attacking Midfield,Atack,Olympique Lyon,"60,00  ��"
C,France,Paul Pogba,Central Midfield,Atack,Manchester United,"90,00  ��"
C,France,Corentin Tolisso,Central Midfield,Atack,Bayern Munich,"45,00  ��"
C,France,Blaise Matuidi,Central Midfield,Atack,Juventus FC,"30,00  ��"
C,France,Rapha�l Varane,Centre-Back,Defense,Real Madrid,"80,00  ��"
C,France,Samuel Umtiti,Centre-Back,Defense,FC Barcelona,"70,00  ��"
C,France,Benjamin Pavard,Centre-Back,Defense,VfB Stuttgart,"40,00  ��"
C,France,Presnel Kimpembe,Centre-Back,Defense,Paris Saint-Germain,"30,00  ��"
C,France,Adil Rami,Centre-Back,Defense,Olympique Marseille,"7,00  ��"
C,France,Antoine Griezmann,Centre-Forward,Atack,Atl�tico Madrid,"120,00  ��"
C,France,Olivier Giroud,Centre-Forward,Atack,Chelsea FC,"18,00  ��"
C,France,N'Golo Kant�,Defensive Midfield,Defense,Chelsea FC,"80,00  ��"
C,France,Steven Nzonzi,Defensive Midfield,Defense,Sevilla FC,"30,00  ��"
C,France,Hugo Lloris,Goalkeeper,Defense,Tottenham Hotspur,"30,00  ��"
C,France,Alphonse Areola,Goalkeeper,Defense,Paris Saint-Germain,"15,00  ��"
C,France,Steve Mandanda,Goalkeeper,Defense,Olympique Marseille,"2,50  ��"
C,France,Thomas Lemar,Left Winger,Atack,Atl�tico Madrid,"70,00  ��"
C,France,Lucas Hern�ndez,Left-Back,Defense,Atl�tico Madrid,"40,00  ��"
C,France,Benjamin Mendy,Left-Back,Defense,Manchester City,"40,00  ��"
C,France,Kylian Mbapp�,Right Winger,Atack,Paris Saint-Germain,"150,00  ��"
C,France,Ousmane Demb�l�,Right Winger,Atack,FC Barcelona,"80,00  ��"
C,France,Florian Thauvin,Right Winger,Atack,Olympique Marseille,"50,00  ��"
C,France,Djibril Sidib�,Right-Back,Defense,AS Monaco,"23,00  ��"
F,Germany,Mesut �zil,Attacking Midfield,Atack,Arsenal FC,"45,00  ��"
F,Germany,Toni Kroos,Central Midfield,Atack,Real Madrid,"80,00  ��"
F,Germany,Leon Goretzka,Central Midfield,Atack,Bayern Munich,"40,00  ��"
F,Germany,Ilkay G�ndogan,Central Midfield,Atack,Manchester City,"40,00  ��"
F,Germany,Julian Draxler,Central Midfield,Atack,Paris Saint-Germain,"30,00  ��"
F,Germany,Sami Khedira,Central Midfield,Atack,Juventus FC,"25,00  ��"
F,Germany,Mats Hummels,Centre-Back,Defense,Bayern Munich,"60,00  ��"
F,Germany,Niklas S�le,Centre-Back,Defense,Bayern Munich,"45,00  ��"
F,Germany,J�r�me Boateng,Centre-Back,Defense,Bayern Munich,"45,00  ��"
F,Germany,Antonio R�diger,Centre-Back,Defense,Chelsea FC,"40,00  ��"
F,Germany,Matthias Ginter,Centre-Back,Defense,Borussia M�nchengladbach,"25,00  ��"
F,Germany,Timo Werner,Centre-Forward,Atack,RB Leipzig,"60,00  ��"
F,Germany,Mario G�mez,Centre-Forward,Atack,VfB Stuttgart,"6,00  �"
F,Germany,Sebastian Rudy,Defensive Midfield,Defense,Bayern Munich,"15,00  ��"
F,Germany,Marc-Andr� ter Stegen,Goalkeeper,Defense,FC Barcelona,"60,00  ��"
F,Germany,Manuel Neuer,Goalkeeper,Defense,Bayern Munich,"35,00  ��"
F,Germany,Kevin Trapp,Goalkeeper,Defense,Paris Saint-Germain,"8,00  ��"
F,Germany,Julian Brandt,Left Winger,Atack,Bayer 04 Leverkusen,"45,00  ��"
F,Germany,Marco Reus,Left Winger,Atack,Borussia Dortmund,"40,00  ��"
F,Germany,Marvin Plattenhardt,Left-Back,Defense,Hertha BSC,"17,00  ��"
F,Germany,Jonas Hector,Left-Back,Defense,1. FC K�ln,"15,00  ��"
F,Germany,Thomas M�ller,Right Winger,Atack,Bayern Munich,"55,00  ��"
F,Germany,Joshua Kimmich,Right-Back,Defense,Bayern Munich,"55,00  ��"
D,Iceland,Gylfi Sigurdsson,Attacking Midfield,Atack,Everton FC,"30,00  ��"
D,Iceland,Aron Gunnarsson,Central Midfield,Atack,Cardiff City,"2,50  ��"
D,Iceland,Birkir Bjarnason,Central Midfield,Atack,Aston Villa,"2,00  ��"
D,Iceland,Emil Hallfredsson,Central Midfield,Atack,Udinese Calcio,"0,6"
D,Iceland,Ragnar Sigurdsson,Centre-Back,Defense,FK Rostov,"4,00  ��"
D,Iceland,Sverrir Ingi Ingason,Centre-Back,Defense,FK Rostov,"3,20  ��"
D,Iceland,H�rdur Magn�sson,Centre-Back,Defense,CSKA Moscow,"2,80  ��"
D,Iceland,H�lmar �rn Eyj�lfsson,Centre-Back,Defense,Levski Sofia,"2,00  ��"
D,Iceland,Alfred Finnbogason,Centre-Forward,Atack,FC Augsburg,"12,00  ��"
D,Iceland,J�n Dadi B�dvarsson,Centre-Forward,Atack,Reading FC,"2,50  ��"
D,Iceland,Bj�rn Sigurdarson,Centre-Forward,Atack,FK Rostov,"1,40  ��"
D,Iceland,Sam�el Fridj�nsson,Defensive Midfield,Defense,Valerenga Oslo,"0,2"
D,Iceland,R�nar Alex R�narsson,Goalkeeper,Defense,FCO Dijon,"0,5"
D,Iceland,Hannes Th�r Halld�rsson,Goalkeeper,Defense,Qarabag Agdam,"0,35"
D,Iceland,Frederik Schram,Goalkeeper,Defense,FC Roskilde,"0,25"
D,Iceland,Arn�r Ingvi Traustason,Left Midfield,Atack,Malm� FF,"1,00  ��"
D,Iceland,Ari Freyr Sk�lason,Left-Back,Defense,KSC Lokeren,"0,9"
D,Iceland,Johann Berg Gudmundsson,Right Winger,Atack,Burnley FC,"10,00  ��"
D,Iceland,Albert Gudmundsson,Right Winger,Atack,PSV Eindhoven,"1,50  ��"
D,Iceland,R�rik G�slason,Right Winger,Atack,SV Sandhausen,"0,9"
D,Iceland,Birkir M�r Saevarsson,Right-Back,Defense,Valur Reykjav�k,"0,4"
B,Iran,Masoud Shojaei,Attacking Midfield,Atack,Without Club,"0,7"
B,Iran,Saeid Ezatolahi,Central Midfield,Atack,FK Rostov,"1,50  ��"
B,Iran,Majid Hosseini,Centre-Back,Defense,Esteghlal FC,"1,50  ��"
B,Iran,Morteza Pouraliganji,Centre-Back,Defense,Without Club,"0,95"
B,Iran,Mohammad Reza Khanzadeh,Centre-Back,Defense,Padideh Khorasan FC,"0,7"
B,Iran,Pejman Montazeri,Centre-Back,Defense,Esteghlal FC,"0,4"
B,Iran,Karim Ansarifard,Centre-Forward,Atack,Olympiacos Piraeus,"4,00  ��"
B,Iran,Saman Ghoddos,Centre-Forward,Atack,�stersunds FK,"1,75  ��"
B,Iran,Mehdi Taremi,Centre-Forward,Atack,Al Gharafa Sports Club,"1,70  ��"
B,Iran,Omid Ebrahimi,Defensive Midfield,Defense,Al Ahli Sports Club,"1,20  ��"
B,Iran,Roozbeh Cheshmi,Defensive Midfield,Defense,Esteghlal FC,"0,9"
B,Iran,Alireza Beiranvand,Goalkeeper,Defense,Persepolis FC,"2,00  ��"
B,Iran,Amir Abedzadeh,Goalkeeper,Defense,CS Mar�timo,"1,00  ��"
B,Iran,Mohammad Rashid Mazaheri,Goalkeeper,Defense,Zob Ahan Esfahan,"0,9"
B,Iran,Vahid Amiri,Left Winger,Atack,Trabzonspor,"1,20  ��"
B,Iran,Mehdi Torabi,Left Winger,Atack,Saipa FC,"1,00  ��"
B,Iran,Milad Mohammadi,Left-Back,Defense,Akhmat Grozny,"2,80  ��"
B,Iran,Ehsan Hajsafi,Left-Back,Defense,Olympiacos Piraeus,"1,50  ��"
B,Iran,Alireza Jahanbakhsh,Right Winger,Atack,AZ Alkmaar,"18,00  ��"
B,Iran,Ashkan Dejagah,Right Winger,Atack,Without Club,"0,8"
B,Iran,Ramin Rezaeian,Right-Back,Defense,KV Oostende,"1,00  ��"
H,Japan,Shinji Kagawa,Attacking Midfield,Atack,Borussia Dortmund,"13,00  ��"
H,Japan,Gaku Shibasaki,Central Midfield,Atack,Getafe CF,"3,00  ��"
H,Japan,Ryota Oshima,Central Midfield,Atack,Kawasaki Frontale,"1,15  ��"
H,Japan,Maya Yoshida,Centre-Back,Defense,Southampton FC,"7,00  ��"
H,Japan,Gen Shoji,Centre-Back,Defense,Kashima Antlers,"3,50  ��"
H,Japan,Tomoaki Makino,Centre-Back,Defense,Urawa Red Diamonds,"1,65  ��"
H,Japan,Wataru Endo,Centre-Back,Defense,Urawa Red Diamonds,"1,45  ��"
H,Japan,Naomichi Ueda,Centre-Back,Defense,"Cercle Brugge ","1,10  ��"
H,Japan,Shinji Okazaki,Centre-Forward,Atack,Leicester City,"6,00  ��"
H,Japan,Yoshinori Muto,Centre-Forward,Atack,1.FSV Mainz 05,"6,00  ��"
H,Japan,Hotaru Yamaguchi,Defensive Midfield,Defense,Cerezo Osaka,"1,50  ��"
H,Japan,Makoto Hasebe,Defensive Midfield,Defense,Eintracht Frankfurt,"1,00  ��"
H,Japan,Kosuke Nakamura,Goalkeeper,Defense,Kashiwa Reysol,"1,50  ��"
H,Japan,Masaaki Higashiguchi,Goalkeeper,Defense,Gamba Osaka,"1,25  ��"
H,Japan,Eiji Kawashima,Goalkeeper,Defense,Unknown,"0,25"
H,Japan,Takashi Inui,Left Winger,Atack,Real Betis Balompi�,"7,50  ��"
H,Japan,Genki Haraguchi,Left Winger,Atack,Hannover 96,"4,50  ��"
H,Japan,Takashi Usami,Left Winger,Atack,FC Augsburg,"1,25  ��"
H,Japan,Yuto Nagatomo,Left-Back,Defense,Galatasaray SK,"3,50  ��"
H,Japan,Keisuke Honda,Right Winger,Atack,Unknown,"4,00  ��"
H,Japan,Hiroki Sakai,Right-Back,Defense,Olympique Marseille,"8,00  ��"
H,Japan,Yuya Osako,Second Striker,Atack,SV Werder Bremen,"6,00  ��"
F,Mexico,Marco Fabi�n,Attacking Midfield,Atack,Eintracht Frankfurt,"4,50  ��"
F,Mexico,H�ctor Herrera,Central Midfield,Atack,FC Porto,"20,00  ��"
F,Mexico,�rick Guti�rrez,Central Midfield,Atack,CF Pachuca,"5,00  ��"
F,Mexico,Andr�s Guardado,Central Midfield,Atack,Real Betis Balompi�,"5,00  ��"
F,Mexico,Jonathan dos Santos,Central Midfield,Atack,Los Angeles Galaxy,"4,75  ��"
F,Mexico,Carlos Salcedo,Centre-Back,Defense,Eintracht Frankfurt,"10,00  ��"
F,Mexico,H�ctor Moreno,Centre-Back,Defense,Real Sociedad,"4,00  ��"
F,Mexico,Hugo Ayala,Centre-Back,Defense,Tigres UANL,"2,50  ��"
F,Mexico,Edson �lvarez,Centre-Back,Defense,CF Am�rica,"2,00  ��"
F,Mexico,Ra�l Jim�nez,Centre-Forward,Atack,Wolverhampton Wanderers,"15,00  ��"
F,Mexico,Chicharito,Centre-Forward,Atack,West Ham United,"15,00  �"
F,Mexico,Guillermo Ochoa,Goalkeeper,Defense,Standard Li�ge,"4,00  ��"
F,Mexico,Alfredo Talavera,Goalkeeper,Defense,Deportivo Toluca,"1,80  ��"
F,Mexico,Jes�s Corona,Goalkeeper,Defense,CD Cruz Azul,"1,50  ��"
F,Mexico,Hirving Lozano,Left Winger,Atack,PSV Eindhoven,"30,00  ��"
F,Mexico,Javier Aquino,Left Winger,Atack,Tigres UANL,"5,00  ��"
F,Mexico,Jes�s Gallardo,Left Winger,Atack,CF Monterrey,"5,00  ��"
F,Mexico,Jes�s Corona,Right Winger,Atack,FC Porto,"12,00  ��"
F,Mexico,Carlos Vela,Right Winger,Atack,Los Angeles FC,"10,00  ��"
F,Mexico,Miguel Lay�n,Right-Back,Defense,Villarreal CF,"4,00  ��"
F,Mexico,Giovani dos Santos,Second Striker,Atack,Los Angeles Galaxy,"2,75  ��"
B,Morocco,Hakim Ziyech,Attacking Midfield,Atack,Ajax Amsterdam,"25,00  ��"
B,Morocco,Amine Harit,Attacking Midfield,Atack,FC Schalke 04,"25,00  ��"
B,Morocco,Youn�s Belhanda,Attacking Midfield,Atack,Galatasaray SK,"7,00  ��"
B,Morocco,Fay�al Fajr,Attacking Midfield,Atack,Getafe CF,"2,50  ��"
B,Morocco,Moubarak Boussoufa,Attacking Midfield,Atack,Al-Jazira (Abu Dhabi),"1,30  ��"
B,Morocco,Youssef A�t Bennasser,Central Midfield,Atack,AS Monaco,"7,00  ��"
B,Morocco,Sofyan Amrabat,Central Midfield,Atack,Feyenoord Rotterdam,"4,50  ��"
B,Morocco,Karim El Ahmadi,Central Midfield,Atack,Al-Ittihad Jeddah,"3,00  ��"
B,Morocco,Medhi Benatia,Centre-Back,Defense,Juventus FC,"23,00  ��"
B,Morocco,Manuel da Costa,Centre-Back,Defense,"Basaksehir ","0,7"
B,Morocco,Khalid Bouta�b,Centre-Forward,Atack,Yeni Malatyaspor,"2,00  ��"
B,Morocco,Youssef En-Nesyri,Centre-Forward,Atack,M�laga CF,"1,80  ��"
B,Morocco,Ayoub El Kaabi,Centre-Forward,Atack,Hebei China Fortune,"1,75  ��"
B,Morocco,Aziz Bouhaddouz,Centre-Forward,Atack,FC St. Pauli,"0,8"
B,Morocco,Romain Sa�ss,Defensive Midfield,Defense,Wolverhampton Wanderers,"6,00  ��"
B,Morocco,Bono,Goalkeeper,Defense,Girona FC,"3,00  ��"
B,Morocco,Ahmed Reda Tagnaouti,Goalkeeper,Defense,Ittihad Tanger,"0,85"
B,Morocco,Munir,Goalkeeper,Defense,M�laga CF,"0,4"
B,Morocco,Nordin Amrabat,Left Winger,Atack,Al-Nasr Riyadh,"3,00  ��"
B,Morocco,Hamza Mendyl,Left-Back,Defense,LOSC Lille,"0,6"
B,Morocco,Nabil Dirar,Right Midfield,Atack,Fenerbahce SK,"2,00  ��"
B,Morocco,Mehdi Carcela-Gonz�lez,Right Winger,Atack,Standard Li�ge,"3,50  ��"
B,Morocco,Achraf Hakimi,Right-Back,Defense,Borussia Dortmund,"7,50  ��"
D,Nigeria,Joel Obi,Central Midfield,Atack,Torino FC,"5,00  ��"
D,Nigeria,Oghenekaro Etebo,Central Midfield,Atack,Stoke City,"1,50  ��"
D,Nigeria,John Ogu,Central Midfield,Atack,Hapoel Beer Sheva,"1,50  ��"
D,Nigeria,Joel Obi,Central Midfield,Atack,Torino FC,"5,00  ��"
D,Nigeria,Oghenekaro Etebo,Central Midfield,Atack,Stoke City,"1,50  ��"
D,Nigeria,John Ogu,Central Midfield,Atack,Hapoel Beer Sheva,"1,50  ��"
D,Nigeria,Chidozie Awaziem,Centre-Back,Defense,FC Porto,"6,00  ��"
D,Nigeria,William Troost-Ekong,Centre-Back,Defense,Bursaspor,"2,00  ��"
D,Nigeria,Leon Balogun,Centre-Back,Defense,Brighton & Hove Albion,"2,00  ��"
D,Nigeria,Kenneth Omeruo,Centre-Back,Defense,Chelsea FC,"1,75  ��"
D,Nigeria,Chidozie Awaziem,Centre-Back,Defense,FC Porto,"6,00  ��"
D,Nigeria,William Troost-Ekong,Centre-Back,Defense,Bursaspor,"2,00  ��"
D,Nigeria,Leon Balogun,Centre-Back,Defense,Brighton & Hove Albion,"2,00  ��"
D,Nigeria,Kenneth Omeruo,Centre-Back,Defense,Chelsea FC,"1,75  ��"
D,Nigeria,Ahmed Musa,Centre-Forward,Atack,Leicester City,"15,00  ��"
D,Nigeria,Kelechi Iheanacho,Centre-Forward,Atack,Leicester City,"15,00  ��"
D,Nigeria,Odion Ighalo,Centre-Forward,Atack,Changchun Yatai,"9,50  ��"
D,Nigeria,Simy,Centre-Forward,Atack,FC Crotone,"1,50  ��"
D,Nigeria,Ahmed Musa,Centre-Forward,Atack,Leicester City,"15,00  ��"
D,Nigeria,Kelechi Iheanacho,Centre-Forward,Atack,Leicester City,"15,00  ��"
D,Nigeria,Odion Ighalo,Centre-Forward,Atack,Changchun Yatai,"9,50  ��"
D,Nigeria,Simy,Centre-Forward,Atack,FC Crotone,"1,50  �"
D,Nigeria,Wilfred Ndidi,Defensive Midfield,Defense,Leicester City,"25,00  ��"
D,Nigeria,John Mikel Obi,Defensive Midfield,Defense,Tianjin Teda,"5,50  ��"
D,Nigeria,Ogenyi Onazi,Defensive Midfield,Defense,Trabzonspor,"3,00  ��"
D,Nigeria,Abdullahi Shehu,Defensive Midfield,Defense,Bursaspor,"0,85"
D,Nigeria,Wilfred Ndidi,Defensive Midfield,Defense,Leicester City,"25,00  ��"
D,Nigeria,John Mikel Obi,Defensive Midfield,Defense,Tianjin Teda,"5,50  ��"
D,Nigeria,Ogenyi Onazi,Defensive Midfield,Defense,Trabzonspor,"3,00  ��"
D,Nigeria,Abdullahi Shehu,Defensive Midfield,Defense,Bursaspor,"0,85"
D,Nigeria,Daniel Akpeyi,Goalkeeper,Defense,Chippa United,"0,65"
D,Nigeria,Francis Uzoho,Goalkeeper,Defense,RC Deportivo Fabril,"0,3"
D,Nigeria,Ikechukwu Ezenwa,Goalkeeper,Defense,Enyimba Aba,"0,15"
D,Nigeria,Daniel Akpeyi,Goalkeeper,Defense,Chippa United,"0,65"
D,Nigeria,Francis Uzoho,Goalkeeper,Defense,RC Deportivo Fabril,"0,3"
D,Nigeria,Ikechukwu Ezenwa,Goalkeeper,Defense,Enyimba Aba,"0,15"
D,Nigeria,Alex Iwobi,Left Winger,Atack,Arsenal FC,"15,00  ��"
D,Nigeria,Alex Iwobi,Left Winger,Atack,Arsenal FC,"15,00  ��"
D,Nigeria,Elderson,Left-Back,Defense,Without Club,"0,7"
D,Nigeria,Elderson,Left-Back,Defense,Without Club,"0,7"
D,Nigeria,Victor Moses,Right Midfield,Atack,Chelsea FC,"20,00  ��"
D,Nigeria,Victor Moses,Right Midfield,Atack,Chelsea FC,"20,00  ��"
D,Nigeria,Bryan Idowu,Right-Back,Defense,Lokomotiv Moscow,"1,50  ��"
D,Nigeria,Tyronne Ebuehi,Right-Back,Defense,SL Benfica,"1,50  ��"
D,Nigeria,Bryan Idowu,Right-Back,Defense,Lokomotiv Moscow,"1,50  ��"
D,Nigeria,Tyronne Ebuehi,Right-Back,Defense,SL Benfica,"1,50  ��"
G,Panama,Armando Cooper,Central Midfield,Atack,Club Universidad de Chile,"0,45"
G,Panama,Adolfo Machado,Centre-Back,Defense,Houston Dynamo,"0,4"
G,Panama,H�rold Cummings,Centre-Back,Defense,San Jose Earthquakes,"0,25"
G,Panama,Fidel Escobar,Centre-Back,Defense,New York Red Bulls,"0,175"
G,Panama,Gabriel Torres,Centre-Forward,Atack,Huachipato FC,"0,5"
G,Panama,Abdiel Arroyo,Centre-Forward,Atack,LD Alajuelense,"0,25"
G,Panama,An�bal Godoy,Defensive Midfield,Defense,San Jose Earthquakes,"0,8"
G,Panama,Ricardo �vila,Defensive Midfield,Defense,KAA Gent II,"0,45"
G,Panama,Jos� Calder�n,Goalkeeper,Defense,Deportivo Guastatoya,"0,2"
G,Panama,�lex Rodr�guez,Goalkeeper,Defense,San Francisco FC,"0,175"
G,Panama,Jos� Luis Rodr�guez,Left Midfield,Atack,KAA Gent II,"0,5"
G,Panama,Yoel B�rcenas,Left Winger,Atack,Real Oviedo,"0,5"
G,Panama,Ismael D�az,Left Winger,Atack,RC Deportivo Fabril,"0,3"
G,Panama,Eric Davis,Left-Back,Defense,DAC Dunajska Streda,"0,55"
G,Panama,Luis Ovalle,Left-Back,Defense,CD Olimpia,"0,55"
G,Panama,Valentin Pimentel,Right Winger,Atack,CD Plaza Amador,"0,35"
G,Panama,Michael Murillo,Right-Back,Defense,New York Red Bulls,"1,00  ��"
C,Peru,Christian Cueva,Attacking Midfield,Atack,FK Krasnodar,"5,00  ��"
C,Peru,Paolo Hurtado,Attacking Midfield,Atack,Vit�ria Guimar�es SC,"4,00  ��"
C,Peru,Renato Tapia,Central Midfield,Atack,Feyenoord Rotterdam,"4,00  ��"
C,Peru,Yoshimar Yot�n,Central Midfield,Atack,Orlando City SC,"0,9"
C,Peru,Christian Ramos,Centre-Back,Defense,Tiburones Rojos de Veracruz,"0,8"
C,Peru,Anderson Santamar�a,Centre-Back,Defense,Puebla FC,"0,5"
C,Peru,Miguel Araujo,Centre-Back,Defense,Alianza Lima,"0,5"
C,Peru,Alberto Rodr�guez,Centre-Back,Defense,Junior FC,"0,25"
C,Peru,Ra�l Ruid�az,Centre-Forward,Atack,Seattle Sounders FC,"5,00  ��"
C,Peru,Paolo Guerrero,Centre-Forward,Atack,Clube de Regatas do Flamengo,"3,00  ��"
C,Peru,Pedro Aquino,Defensive Midfield,Defense,Club Le�n FC,"1,00  ��"
C,Peru,Wilder Cartagena,Defensive Midfield,Defense,Tiburones Rojos de Veracruz,"0,4"
C,Peru,Pedro Gallese,Goalkeeper,Defense,Tiburones Rojos de Veracruz,"1,00  ��"
C,Peru,Carlos C�ceda,Goalkeeper,Defense,Deportivo Municipal,"0,5"
C,Peru,Jos� Carvallo,Goalkeeper,Defense,UTC Cajamarca,"0,2"
C,Peru,�dison Flores,Left Winger,Atack,Aalborg BK,"0,4"
C,Peru,Miguel Trauco,Left-Back,Defense,Clube de Regatas do Flamengo,"1,75  ��"
C,Peru,Nilson Loyola,Left-Back,Defense,FBC Melgar,"0,425"
C,Peru,Andr� Carrillo,Right Winger,Atack,Al-Hilal Riyadh,"6,00  ��"
C,Peru,Jefferson Farf�n,Right Winger,Atack,Lokomotiv Moscow,"2,00  ��"
C,Peru,Andy Polo,Right Winger,Atack,Portland Timbers,"0,9"
C,Peru,Luis Adv�ncula,Right-Back,Defense,Tigres UANL,"3,00  ��"
C,Peru,Aldo Corzo,Right-Back,Defense,Universitario de Deportes,"0,5"
H,Poland,Piotr Zielinski,Central Midfield,Atack,SSC Napoli,"32,00  ��"
H,Poland,Karol Linetty,Central Midfield,Atack,UC Sampdoria,"15,00  ��"
H,Poland,Kamil Glik,Centre-Back,Defense,AS Monaco,"18,00  ��"
H,Poland,Jan Bednarek,Centre-Back,Defense,Southampton FC,"5,00  ��"
H,Poland,Michal Pazdan,Centre-Back,Defense,Legia Warszawa,"2,00  ��"
H,Poland,Thiago Cionek,Centre-Back,Defense,SPAL 2013,"0,8"
H,Poland,Robert Lewandowski,Centre-Forward,Atack,Bayern Munich,"85,00  ��"
H,Poland,Arkadiusz Milik,Centre-Forward,Atack,SSC Napoli,"20,00  ��"
H,Poland,Lukasz Teodorczyk,Centre-Forward,Atack,RSC Anderlecht,"7,50  ��"
H,Poland,Dawid Kownacki,Centre-Forward,Atack,UC Sampdoria,"7,00  ��"
H,Poland,Grzegorz Krychowiak,Defensive Midfield,Defense,Paris Saint-Germain,"18,00  ��"
H,Poland,Jacek Goralski,Defensive Midfield,Defense,PFK Ludogorets Razgrad,"2,50  ��"
H,Poland,Wojciech Szczesny,Goalkeeper,Defense,Juventus FC,"20,00  ��"
H,Poland,Lukasz Fabianski,Goalkeeper,Defense,West Ham United,"5,00  ��"
H,Poland,Bartosz Bialkowski,Goalkeeper,Defense,Ipswich Town,"0,75"
H,Poland,Maciej Rybus,Left Midfield,Atack,Lokomotiv Moscow,"3,20  ��"
H,Poland,Rafal Kurzawa,Left Winger,Atack,Without Club,"2,00  ��"
H,Poland,Slawomir Peszko,Left Winger,Atack,Lechia Gdansk,"0,3"
H,Poland,Jakub Blaszczykowski,Right Midfield,Atack,VfL Wolfsburg,"1,00  ��"
H,Poland,Kamil Grosicki,Right Winger,Atack,Hull City,"7,00  ��"
H,Poland,Bartosz Bereszynski,Right-Back,Defense,UC Sampdoria,"12,00  ��"
H,Poland,Lukasz Piszczek,Right-Back,Defense,Borussia Dortmund,"4,00  ��"
H,Poland,Artur Jedrzejczyk,Right-Back,Defense,Legia Warszawa,"1,50  ��"
B,Portugal,Bruno Fernandes,Attacking Midfield,Atack,Sporting CP,"30,00  ��"
B,Portugal,Jo�o M�rio,Attacking Midfield,Atack,Inter Milan,"23,00  ��"
B,Portugal,Adrien Silva,Central Midfield,Atack,Leicester City,"20,00  ��"
B,Portugal,Jo�o Moutinho,Central Midfield,Atack,AS Monaco,"10,00  ��"
B,Portugal,Manuel Fernandes,Central Midfield,Atack,Lokomotiv Moscow,"5,40  ��"
B,Portugal,R�ben Dias,Centre-Back,Defense,SL Benfica,"22,00  ��"
B,Portugal,Pepe,Centre-Back,Defense,Besiktas JK,"2,00  ��"
B,Portugal,Jos� Fonte,Centre-Back,Defense,LOSC Lille,"2,00  ��"
B,Portugal,Bruno Alves,Centre-Back,Defense,Parma Calcio 1913,"0,5"
B,Portugal,Cristiano Ronaldo,Centre-Forward,Atack,Juventus FC,"100,00  ��"
B,Portugal,Andr� Silva,Centre-Forward,Atack,AC Milan,"22,00  �"
B,Portugal,William Carvalho,Defensive Midfield,Defense,Real Betis Balompi�,"20,00  ��"
B,Portugal,Anthony Lopes,Goalkeeper,Defense,Olympique Lyon,"20,00  ��"
B,Portugal,Rui Patr�cio,Goalkeeper,Defense,Wolverhampton Wanderers,"16,00  ��"
B,Portugal,Beto,Goalkeeper,Defense,G�ztepe,"0,6"
B,Portugal,Gon�alo Guedes,Left Winger,Atack,Paris Saint-Germain,"40,00  ��"
B,Portugal,Rapha�l Guerreiro,Left-Back,Defense,Borussia Dortmund,"21,00  ��"
B,Portugal,M�rio Rui,Left-Back,Defense,SSC Napoli,"14,00  ��"
B,Portugal,Bernardo Silva,Right Winger,Atack,Manchester City,"50,00  ��"
B,Portugal,Gelson Martins,Right Winger,Atack,Sporting CP,"35,00  ��"
B,Portugal,Ricardo Quaresma,Right Winger,Atack,Besiktas JK,"2,00  ��"
B,Portugal,Ricardo Pereira,Right-Back,Defense,Leicester City,"20,00  ��"
B,Portugal,C�dric Soares,Right-Back,Defense,Southampton FC,"15,00  ��"
A,Russia,Aleksey Miranchuk,Attacking Midfield,Atack,Lokomotiv Moscow,"14,00  ��"
A,Russia,Aleksandr Erokhin,Attacking Midfield,Atack,Zenit St. Petersburg,"5,00  ��"
A,Russia,Aleksandr Golovin,Central Midfield,Atack,CSKA Moscow,"25,00  ��"
A,Russia,Alan Dzagoev,Central Midfield,Atack,CSKA Moscow,"15,00  ��"
A,Russia,Roman Zobnin,Central Midfield,Atack,Spartak Moscow,"10,00  ��"
A,Russia,Daler Kuzyaev,Central Midfield,Atack,Zenit St. Petersburg,"8,00  ��"
A,Russia,Anton Miranchuk,Central Midfield,Atack,Lokomotiv Moscow,"8,00  ��"
A,Russia,Yuri Gazinskiy,Central Midfield,Atack,FK Krasnodar,"6,00  ��"
A,Russia,Ilya Kutepov,Centre-Back,Defense,Spartak Moscow,"5,00  ��"
A,Russia,Andrey Semenov,Centre-Back,Defense,Akhmat Grozny,"3,50  ��"
A,Russia,Vladimir Granat,Centre-Back,Defense,Rubin Kazan,"2,00  ��"
A,Russia,Fedor Smolov,Centre-Forward,Atack,FK Krasnodar,"14,00  ��"
A,Russia,Artem Dzyuba,Centre-Forward,Atack,Zenit St. Petersburg,"10,00  ��"
A,Russia,Igor Akinfeev,Goalkeeper,Defense,CSKA Moscow,"12,00  ��"
A,Russia,Andrey Lunev,Goalkeeper,Defense,Zenit St. Petersburg,"8,00  ��"
A,Russia,Vladimir Gabulov,Goalkeeper,Defense,Club Brugge KV,"0,7"
A,Russia,Denis Cheryshev,Left Winger,Atack,Villarreal CF,"8,00  ��"
A,Russia,Fedor Kudryashov,Left-Back,Defense,Rubin Kazan,"3,00  ��"
A,Russia,M�rio Fernandes,Right-Back,Defense,CSKA Moscow,"20,00  ��"
A,Russia,Igor Smolnikov,Right-Back,Defense,Zenit St. Petersburg,"6,50  ��"
A,Saudi Arabia,Hatan Bahbir,Attacking Midfield,Atack,Al-Shabab Riyadh,"0,9"
A,Saudi Arabia,Salman Al-Faraj,Central Midfield,Atack,Al-Hilal Riyadh,"1,10  ��"
A,Saudi Arabia,Hussain Al-Moqahwi,Central Midfield,Atack,Al-Ahli Jeddah,"1,00  ��"
A,Saudi Arabia,Taiseer Al-Jassam,Central Midfield,Atack,Al-Ahli Jeddah,"0,75"
A,Saudi Arabia,Mohamed Kanno,Central Midfield,Atack,Al-Hilal Riyadh,"0,65"
A,Saudi Arabia,Motaz Hawsawi,Centre-Back,Defense,Al-Ahli Jeddah,"1,20  ��"
A,Saudi Arabia,Omar Hawsawi,Centre-Back,Defense,Al-Nasr Riyadh,"0,75"
A,Saudi Arabia,Osama Hawsawi,Centre-Back,Defense,Al-Wahda Mekka,"0,675"
A,Saudi Arabia,Ali Al-Boleahi,Centre-Back,Defense,Al-Hilal Riyadh,"0,35"
A,Saudi Arabia,Muhannad Asiri,Centre-Forward,Atack,Al-Ahli Jeddah,"0,95"
A,Saudi Arabia,Mohammed Al-Sahlawi,Centre-Forward,Atack,Al-Nasr Riyadh,"0,65"
A,Saudi Arabia,Abdullah Ateef,Defensive Midfield,Defense,Al-Hilal Riyadh,"0,975"
A,Saudi Arabia,Abdulmalek Al-Khaibri,Defensive Midfield,Defense,Al-Hilal Riyadh,"0,25"
A,Saudi Arabia,Abdullah Al-Khaibari,Defensive Midfield,Defense,Al-Shabab Riyadh,"0,175"
A,Saudi Arabia,Mohammed Al-Owais,Goalkeeper,Defense,Al-Ahli Jeddah,"0,95"
A,Saudi Arabia,Yasser Al-Mosailem,Goalkeeper,Defense,Al-Ahli Jeddah,"0,9"
A,Saudi Arabia,Abdullah Al-Muaiouf,Goalkeeper,Defense,Al-Hilal Riyadh,"0,6"
A,Saudi Arabia,Yasir Al-Shahrani,Left-Back,Defense,Al-Hilal Riyadh,"1,50  ��"
A,Saudi Arabia,Mansour Al-Harbi,Left-Back,Defense,Al-Ahli Jeddah,"0,6"
A,Saudi Arabia,Fahad Al-Muwallad,Right Winger,Atack,Al-Ittihad Jeddah,"1,00  ��"
A,Saudi Arabia,Yahia Al-Shehri,Right Winger,Atack,Al-Nasr Riyadh,"0,8"
A,Saudi Arabia,Salem Al-Dawsari,Right Winger,Atack,Al-Hilal Riyadh,"0,8"
A,Saudi Arabia,Mohammed Al-Burayk,Right-Back,Defense,Al-Hilal Riyadh,"1,30  ��"
H,Senegal,Idrissa Gueye,Central Midfield,Atack,Everton FC,"20,00  ��"
H,Senegal,Badou Ndiaye,Central Midfield,Atack,Stoke City,"15,00  ��"
H,Senegal,Cheikh N'Doye,Central Midfield,Atack,Birmingham City,"2,50  ��"
H,Senegal,Kalidou Koulibaly,Centre-Back,Defense,SSC Napoli,"60,00  ��"
H,Senegal,Salif San�,Centre-Back,Defense,FC Schalke 04,"22,00  ��"
H,Senegal,Kara,Centre-Back,Defense,RSC Anderlecht,"7,00  ��"
H,Senegal,M'Baye Niang,Centre-Forward,Atack,Torino FC,"10,00  ��"
H,Senegal,Mame Diouf,Centre-Forward,Atack,Stoke City,"7,00  ��"
H,Senegal,Moussa Konat�,Centre-Forward,Atack,SC Amiens,"6,00  ��"
H,Senegal,Diafra Sakho,Centre-Forward,Atack,Stade Rennais FC,"5,00  ��"
H,Senegal,Moussa Sow,Centre-Forward,Atack,FC Shabab Al-Ahli Dubai,"1,50  ��"
H,Senegal,Cheikhou Kouyat�,Defensive Midfield,Defense,West Ham United,"12,00  ��"
H,Senegal,Alfred N'Diaye,Defensive Midfield,Defense,Villarreal CF,"5,00  ��"
H,Senegal,Alfred Gomis,Goalkeeper,Defense,SPAL 2013,"3,00  ��"
H,Senegal,Abdoulaye Diallo,Goalkeeper,Defense,Stade Rennais FC,"1,00  ��"
H,Senegal,Khadim N'Diaye,Goalkeeper,Defense,Horoya AC,"0,25"
H,Senegal,Sadio Man�,Left Winger,Atack,Liverpool FC,"70,00  ��"
H,Senegal,Keita Bald�,Left Winger,Atack,AS Monaco,"30,00  ��"
H,Senegal,Isma�la Sarr,Left Winger,Atack,Stade Rennais FC,"14,00  ��"
H,Senegal,Adama Mbengue,Left-Back,Defense,SM Caen,"3,00  ��"
H,Senegal,Youssouf Sabaly,Right-Back,Defense,FC Girondins Bordeaux,"7,00  ��"
H,Senegal,Moussa Wagu�,Right-Back,Defense,KAS Eupen,"3,00  ��"
H,Senegal,Lamine Gassama,Right-Back,Defense,G�ztepe,"1,25  ��"
E,Serbia,Andrija Zivkovic,Attacking Midfield,Atack,SL Benfica,"18,00  ��"
E,Serbia,Dusan Tadic,Attacking Midfield,Atack,Ajax Amsterdam,"15,00  ��"
E,Serbia,Adem Ljajic,Attacking Midfield,Atack,Torino FC,"13,00  ��"
E,Serbia,Sergej Milinkovic-Savic,Central Midfield,Atack,SS Lazio,"90,00  ��"
E,Serbia,Marko Grujic,Central Midfield,Atack,Liverpool FC,"5,00  ��"
E,Serbia,Nikola Milenkovic,Centre-Back,Defense,ACF Fiorentina,"15,00  ��"
E,Serbia,Milos Veljkovic,Centre-Back,Defense,SV Werder Bremen,"6,50  ��"
E,Serbia,Uros Spajic,Centre-Back,Defense,FK Krasnodar,"5,00  ��"
E,Serbia,Branislav Ivanovic,Centre-Back,Defense,Zenit St. Petersburg,"3,00  ��"
E,Serbia,Dusko Tosic,Centre-Back,Defense,Guangzhou R&F,"2,00  ��"
E,Serbia,Aleksandar Mitrovic,Centre-Forward,Atack,Newcastle United,"15,00  ��"
E,Serbia,Luka Jovic,Centre-Forward,Atack,Eintracht Frankfurt,"8,00  ��"
E,Serbia,Aleksandar Prijovic,Centre-Forward,Atack,PAOK Thessaloniki,"6,00  ��"
E,Serbia,Nemanja Matic,Defensive Midfield,Defense,Manchester United,"40,00  ��"
E,Serbia,Luka Milivojevic,Defensive Midfield,Defense,Crystal Palace,"15,00  ��"
E,Serbia,Marko Dmitrovic,Goalkeeper,Defense,SD Eibar,"4,00  ��"
E,Serbia,Predrag Rajkovic,Goalkeeper,Defense,Maccabi Tel Aviv,"2,50  ��"
E,Serbia,Vladimir Stojkovic,Goalkeeper,Defense,FK Partizan Belgrade,"0,75"
E,Serbia,Filip Kostic,Left Winger,Atack,Hamburger SV,"6,00  ��"
E,Serbia,Nemanja Radonjic,Left Winger,Atack,Red Star Belgrade,"6,00  ��"
E,Serbia,Aleksandar Kolarov,Left-Back,Defense,AS Roma,"12,00  ��"
E,Serbia,Milan Rodic,Left-Back,Defense,Red Star Belgrade,"2,25  ��"
F,South Korea,Ja-cheol Koo,Attacking Midfield,Atack,FC Augsburg,"3,50  ��"
F,South Korea,Jae-song Lee,Attacking Midfield,Atack,Jeonbuk Hyundai Motors FC,"2,00  ��"
F,South Korea,Yo-han Go,Central Midfield,Atack,FC Seoul,"0,825"
F,South Korea,Ban-seok Oh,Centre-Back,Defense,Jeju United FC,"0,85"
F,South Korea,Young-gwon Kim,Centre-Back,Defense,Guangzhou Evergrande Taobao Reserves,"0,85"
F,South Korea,Hyun-soo Jang,Centre-Back,Defense,FC Tokyo,"0,65"
F,South Korea,Seung-hyeon Jung,Centre-Back,Defense,Sagan Tosu,"0,65"
F,South Korea,Young-seon Yun,Centre-Back,Defense,Seongnam FC,"0,4"
F,South Korea,Hee-chan Hwang,Centre-Forward,Atack,Red Bull Salzburg,"10,00  ��"
F,South Korea,Shin-uk Kim,Centre-Forward,Atack,Jeonbuk Hyundai Motors FC,"1,80  �"
F,South Korea,Sung-yong Ki,Defensive Midfield,Defense,Newcastle United,"7,00  ��"
F,South Korea,Woo-young Jung,Defensive Midfield,Defense,Al Sadd Sports Club,"0,8"
F,South Korea,Se-jong Ju,Defensive Midfield,Defense,Asan Mugunghwa FC,"0,75"
F,South Korea,Hyeon-uh Jo,Goalkeeper,Defense,Daegu FC,"1,50  ��"
F,South Korea,Seung-Gyu Kim,Goalkeeper,Defense,Vissel Kobe,"1,25  ��"
F,South Korea,Jin-hyeon Kim,Goalkeeper,Defense,Cerezo Osaka,"1,25  ��"
F,South Korea,Min-uh Kim,Left Midfield,Atack,Sangju Sangmu FC,"1,20  ��"
F,South Korea,Heung-min Son,Left Winger,Atack,Tottenham Hotspur,"50,00  ��"
F,South Korea,Seung-woo Lee,Left Winger,Atack,Hellas Verona,"1,00  ��"
F,South Korea,Seon-min Mun,Left Winger,Atack,Incheon United FC,"0,45"
F,South Korea,Ju-ho Park,Left-Back,Defense,Ulsan Hyundai,"0,75"
F,South Korea,Cheol Hong,Left-Back,Defense,Sangju Sangmu FC,"0,75"
F,South Korea,Yong Lee,Right-Back,Defense,Jeonbuk Hyundai Motors FC,"0,5"
B,Spain,Isco,Attacking Midfield,Atack,Real Madrid,"75,00  ��"
B,Spain,David Silva,Attacking Midfield,Atack,Manchester City,"30,00  ��"
B,Spain,Sa�l ��guez,Central Midfield,Atack,Atl�tico Madrid,"70,00  ��"
B,Spain,Koke,Central Midfield,Atack,Atl�tico Madrid,"70,00  ��"
B,Spain,Thiago,Central Midfield,Atack,Bayern Munich,"60,00  ��"
B,Spain,Sergio Ramos,Centre-Back,Defense,Real Madrid,"45,00  ��"
B,Spain,Nacho Fern�ndez,Centre-Back,Defense,Real Madrid,"35,00  ��"
B,Spain,Diego Costa,Centre-Forward,Atack,Atl�tico Madrid,"60,00  ��"
B,Spain,Rodrigo,Centre-Forward,Atack,Valencia CF,"50,00  ��"
B,Spain,Sergio Busquets,Defensive Midfield,Defense,FC Barcelona,"80,00  ��"
B,Spain,David de Gea,Goalkeeper,Defense,Manchester United,"70,00  ��"
B,Spain,Kepa Arrizabalaga,Goalkeeper,Defense,Athletic Bilbao,"20,00  ��"
B,Spain,Pepe Reina,Goalkeeper,Defense,AC Milan,"1,00  ��"
B,Spain,Marco Asensio,Left Winger,Atack,Real Madrid,"75,00  ��"
B,Spain,Jordi Alba,Left-Back,Defense,FC Barcelona,"60,00  ��"
B,Spain,Nacho Monreal,Left-Back,Defense,Arsenal FC,"13,00  ��"
B,Spain,Lucas V�zquez,Right Winger,Atack,Real Madrid,"25,00  ��"
B,Spain,Iago Aspas,Right Winger,Atack,Celta de Vigo,"25,00  ��"
B,Spain,Daniel Carvajal,Right-Back,Defense,Real Madrid,"60,00  ��"
B,Spain,C�sar Azpilicueta,Right-Back,Defense,Chelsea FC,"40,00  ��"
B,Spain,�lvaro Odriozola,Right-Back,Defense,Real Madrid,"30,00  ��"
F,Sweden,Viktor Claesson,Attacking Midfield,Atack,FK Krasnodar,"8,00  ��"
F,Sweden,Albin Ekdal,Central Midfield,Atack,Hamburger SV,"4,50  ��"
F,Sweden,Oscar Hiljemark,Central Midfield,Atack,Genoa CFC,"3,50  ��"
F,Sweden,Sebastian Larsson,Central Midfield,Atack,AIK Solna,"2,00  ��"
F,Sweden,Victor Lindel�f,Centre-Back,Defense,Manchester United,"25,00  ��"
F,Sweden,Pontus Jansson,Centre-Back,Defense,Leeds United,"6,00  ��"
F,Sweden,Andreas Granqvist,Centre-Back,Defense,Helsingborgs IF,"4,00  ��"
F,Sweden,Filip Helander,Centre-Back,Defense,Bologna FC 1909,"2,50  ��"
F,Sweden,Marcus Berg,Centre-Forward,Atack,Al-Ain FC,"4,50  ��"
F,Sweden,John Guidetti,Centre-Forward,Atack,Deportivo Alav�s,"4,00  ��"
F,Sweden,Isaac Thelin,Centre-Forward,Atack,RSC Anderlecht,"3,00  ��"
F,Sweden,Ola Toivonen,Centre-Forward,Atack,FC Toulouse,"1,50  ��"
F,Sweden,Gustav Svensson,Defensive Midfield,Defense,Seattle Sounders FC,"0,75"
F,Sweden,Robin Olsen,Goalkeeper,Defense,FC Copenhagen,"2,50  ��"
F,Sweden,Karl-Johan Johnsson,Goalkeeper,Defense,EA Guingamp,"2,50  ��"
F,Sweden,Kristoffer Nordfeldt,Goalkeeper,Defense,Swansea City,"1,50  ��"
F,Sweden,Emil Forsberg,Left Winger,Atack,RB Leipzig,"25,00  ��"
F,Sweden,Jimmy Durmaz,Left Winger,Atack,FC Toulouse,"2,00  ��"
F,Sweden,Ludwig Augustinsson,Left-Back,Defense,SV Werder Bremen,"12,00  ��"
F,Sweden,Martin Olsson,Left-Back,Defense,Swansea City,"5,00  ��"
F,Sweden,Marcus Rohd�n,Right Midfield,Atack,FC Crotone,"1,50  ��"
F,Sweden,Mikael Lustig,Right-Back,Defense,Celtic FC,"3,25  ��"
F,Sweden,Emil Krafth,Right-Back,Defense,Bologna FC 1909,"1,50  ��"
E,Switzerland,Remo Freuler,Central Midfield,Atack,Atalanta BC,"14,00  ��"
E,Switzerland,Blerim Dzemaili,Central Midfield,Atack,Bologna FC 1909,"2,50  ��"
E,Switzerland,Manuel Akanji,Centre-Back,Defense,Borussia Dortmund,"28,00  ��"
E,Switzerland,Nico Elvedi,Centre-Back,Defense,Borussia M�nchengladbach,"17,00  ��"
E,Switzerland,Fabian Sch�r,Centre-Back,Defense,Deportivo de La Coru�a,"3,00  ��"
E,Switzerland,Johan Djourou,Centre-Back,Defense,Without Club,"0,85"
E,Switzerland,Breel Embolo,Centre-Forward,Atack,FC Schalke 04,"18,00  ��"
E,Switzerland,Josip Drmic,Centre-Forward,Atack,Borussia M�nchengladbach,"5,00  ��"
E,Switzerland,Haris Seferovic,Centre-Forward,Atack,SL Benfica,"4,00  ��"
E,Switzerland,Mario Gavranovic,Centre-Forward,Atack,GNK Dinamo Zagreb,"3,00  ��"
E,Switzerland,Granit Xhaka,Defensive Midfield,Defense,Arsenal FC,"40,00  ��"
E,Switzerland,Denis Zakaria,Defensive Midfield,Defense,Borussia M�nchengladbach,"20,00  ��"
E,Switzerland,Valon Behrami,Defensive Midfield,Defense,Udinese Calcio,"1,50  ��"
E,Switzerland,Gelson Fernandes,Defensive Midfield,Defense,Eintracht Frankfurt,"1,50  ��"
E,Switzerland,Yann Sommer,Goalkeeper,Defense,Borussia M�nchengladbach,"10,00  ��"
E,Switzerland,Roman B�rki,Goalkeeper,Defense,Borussia Dortmund,"7,00  ��"
E,Switzerland,Yvon Mvogo,Goalkeeper,Defense,RB Leipzig,"3,00  ��"
E,Switzerland,Steven Zuber,Left Midfield,Atack,TSG 1899 Hoffenheim,"10,00  ��"
E,Switzerland,Ricardo Rodr�guez,Left-Back,Defense,AC Milan,"15,00  ��"
E,Switzerland,Fran�ois Moubandje,Left-Back,Defense,FC Toulouse,"2,50  ��"
E,Switzerland,Xherdan Shaqiri,Right Winger,Atack,Liverpool FC,"18,00  ��"
E,Switzerland,Michael Lang,Right-Back,Defense,Borussia M�nchengladbach,"5,75  ��"
E,Switzerland,Stephan Lichtsteiner,Right-Back,Defense,Arsenal FC,"1,50  ��"
G,Tunisia,Wahbi Khazri,Attacking Midfield,Atack,AS Saint-�tienne,"10,00  ��"
G,Tunisia,Sa�f-Eddine Khaoui,Attacking Midfield,Atack,Olympique Marseille,"5,00  ��"
G,Tunisia,Ferjani Sassi,Central Midfield,Atack,Al-Nasr Riyadh,"1,60  ��"
G,Tunisia,Ghaylen Chaaleli,Central Midfield,Atack,Esperance Tunis,"0,9"
G,Tunisia,Dylan Bronn,Centre-Back,Defense,KAA Gent,"3,50  ��"
G,Tunisia,Yassine Meriah,Centre-Back,Defense,Club Sportif Sfaxien,"1,20  ��"
G,Tunisia,Yohan Benalouane,Centre-Back,Defense,Leicester City,"1,00  ��"
G,Tunisia,Syam Ben Youssef,Centre-Back,Defense,Kasimpasa,"0,8"
G,Tunisia,Rami Bedoui,Centre-Back,Defense,Etoile Sportive du Sahel,"0,8"
G,Tunisia,Saber Khalifa,Centre-Forward,Atack,Al-Kuwait Sports Club,"1,00  ��"
G,Tunisia,Ellyes Skhiri,Defensive Midfield,Defense,HSC Montpellier,"10,00  ��"
G,Tunisia,Mohamed Amine Ben Amor,Defensive Midfield,Defense,Etoile Sportive du Sahel,"1,90  ��"
G,Tunisia,Ahmed Khalil,Defensive Midfield,Defense,Club Africain Tunis,"0,8"
G,Tunisia,Mouez Hassen,Goalkeeper,Defense,OGC Nice,"1,00  ��"
G,Tunisia,Farouk Ben Mustapha,Goalkeeper,Defense,Al-Shabab Riyadh,"0,775"
G,Tunisia,Balbouli,Goalkeeper,Defense,Al-Batin,"0,7"
G,Tunisia,Na�m Sliti,Left Winger,Atack,FCO Dijon,"7,00  ��"
G,Tunisia,Oussama Haddadi,Left-Back,Defense,FCO Dijon,"3,00  ��"
G,Tunisia,Ali Ma�loul,Left-Back,Defense,El Ahly Cairo,"1,50  ��"
G,Tunisia,Bassem Srarfi,Right Winger,Atack,OGC Nice,"3,00  ��"
G,Tunisia,Anice Badri,Right Winger,Atack,Esperance Tunis,"1,20  ��"
G,Tunisia,Fakhreddine Ben Youssef,Right Winger,Atack,Al-Ettifaq,"1,00  ��"
G,Tunisia,Hamdi Nagguez,Right-Back,Defense,Zamalek SC,"1,20  ��"
A,Uruguay,Giorgian de Arrascaeta,Attacking Midfield,Atack,Cruzeiro Esporte Clube,"9,00  ��"
A,Uruguay,Mat�as Vecino,Central Midfield,Atack,Inter Milan,"21,00  ��"
A,Uruguay,Rodrigo Bentancur,Central Midfield,Atack,Juventus FC,"20,00  ��"
A,Uruguay,Nahitan N�ndez,Central Midfield,Atack,Club Atl�tico Boca Juniors,"9,50  ��"
A,Uruguay,Jos� Gim�nez,Centre-Back,Defense,Atl�tico Madrid,"50,00  ��"
A,Uruguay,Diego God�n,Centre-Back,Defense,Atl�tico Madrid,"35,00  ��"
A,Uruguay,Sebasti�n Coates,Centre-Back,Defense,Sporting CP,"10,00  ��"
A,Uruguay,Luis Su�rez,Centre-Forward,Atack,FC Barcelona,"70,00  ��"
A,Uruguay,Edinson Cavani,Centre-Forward,Atack,Paris Saint-Germain,"60,00  ��"
A,Uruguay,Maximiliano G�mez,Centre-Forward,Atack,Celta de Vigo,"25,00  ��"
A,Uruguay,Cristhian Stuani,Centre-Forward,Atack,Girona FC,"7,50  ��"
A,Uruguay,Lucas Torreira,Defensive Midfield,Defense,Arsenal FC,"30,00  ��"
A,Uruguay,Fernando Muslera,Goalkeeper,Defense,Galatasaray SK,"6,00  ��"
A,Uruguay,Mart�n Campa�a,Goalkeeper,Defense,Club Atl�tico Independiente,"5,00  ��"
A,Uruguay,Mart�n Silva,Goalkeeper,Defense,Club de Regatas Vasco da Gama,"2,00  ��"
A,Uruguay,Diego Laxalt,Left Midfield,Atack,Genoa CFC,"18,00  ��"
A,Uruguay,Cristian Rodr�guez,Left Midfield,Atack,CA Pe�arol,"0,5"
A,Uruguay,Gast�n Silva,Left-Back,Defense,Club Atl�tico Independiente,"2,50  ��"
A,Uruguay,Carlos S�nchez,Right Midfield,Atack,Without Club,"1,50  ��"
A,Uruguay,Jonathan Urretaviscaya,Right Winger,Atack,CF Monterrey,"3,50  ��"
A,Uruguay,Mart�n C�ceres,Right-Back,Defense,SS Lazio,"3,50  ��"
A,Uruguay,Guillermo Varela,Right-Back,Defense,CA Pe�arol,"2,00  ��"
A,Uruguay,Maxi Pereira,Right-Back,Defense,FC Porto,"1,00  ��"
